-- MySQL Script generated by MySQL Workbench
-- Sun 10 Mar 2019 06:48:16 PM EET
-- Model: New Model    Version: 1.0
-- MySQL Workbench Forward Engineering

SET @OLD_UNIQUE_CHECKS=@@UNIQUE_CHECKS, UNIQUE_CHECKS=0;
SET @OLD_FOREIGN_KEY_CHECKS=@@FOREIGN_KEY_CHECKS, FOREIGN_KEY_CHECKS=0;
SET @OLD_SQL_MODE=@@SQL_MODE, SQL_MODE='ONLY_FULL_GROUP_BY,STRICT_TRANS_TABLES,NO_ZERO_IN_DATE,NO_ZERO_DATE,ERROR_FOR_DIVISION_BY_ZERO,NO_ENGINE_SUBSTITUTION';

-- -----------------------------------------------------
-- Schema mydb
-- -----------------------------------------------------

-- -----------------------------------------------------
-- Schema mydb
-- -----------------------------------------------------
CREATE SCHEMA IF NOT EXISTS `mydb` DEFAULT CHARACTER SET utf8 ;
USE `mydb` ;

-- -----------------------------------------------------
-- Table `mydb`.`department`
-- -----------------------------------------------------
DROP TABLE IF EXISTS `mydb`.`department` ;

CREATE TABLE IF NOT EXISTS `mydb`.`department` (
  `ID` INT NOT NULL,
  `name` VARCHAR(45) NOT NULL,
  `location` VARCHAR(45) NULL,
  PRIMARY KEY (`ID`))
ENGINE = InnoDB;


-- -----------------------------------------------------
-- Table `mydb`.`employee`
-- -----------------------------------------------------
DROP TABLE IF EXISTS `mydb`.`employee` ;

CREATE TABLE IF NOT EXISTS `mydb`.`employee` (
  `ID` INT NOT NULL,
  `last_name` VARCHAR(45) NOT NULL,
  `name` VARCHAR(45) NOT NULL,
  `department_ID` INT NOT NULL,
  PRIMARY KEY (`ID`),
  INDEX `fk_employee_department1_idx` (`department_ID`asc), 
  CONSTRAINT `fk_employee_department1`
    FOREIGN KEY (`department_ID`)
    REFERENCES `mydb`.`department` (`ID`)
    ON DELETE CASCADE
    ON UPDATE CASCADE)
ENGINE = InnoDB;


-- -----------------------------------------------------
-- Table `mydb`.`project`
-- -----------------------------------------------------
DROP TABLE IF EXISTS `mydb`.`project` ;

CREATE TABLE IF NOT EXISTS `mydb`.`project` (
  `ID` INT NOT NULL,
  `project_name` VARCHAR(45) NOT NULL,
  `budget` VARCHAR(45) NOT NULL,
  `employee_ID` INT NOT NULL,
  PRIMARY KEY (`ID`),
  INDEX `fk_project_employee1_idx` (`employee_ID` ASC),
  CONSTRAINT `fk_project_employee1`
    FOREIGN KEY (`employee_ID`)
    REFERENCES `mydb`.`employee` (`ID`)
    ON DELETE CASCADE
    ON UPDATE CASCADE)
ENGINE = InnoDB;


-- -----------------------------------------------------
-- Table `mydb`.`work`
-- -----------------------------------------------------
DROP TABLE IF EXISTS `mydb`.`work` ;

CREATE TABLE IF NOT EXISTS `mydb`.`work` (
  `project_ID` INT NOT NULL,
  `employee_ID` INT NOT NULL,
  `job` VARCHAR(45) NOT NULL,
  `start_date` DATE NOT NULL,
  `deadline` DATE NOT NULL,
  INDEX `fk_work_employee1_idx` (`employee_ID` ASC),
  INDEX `fk_work_project1_idx` (`project_ID` ASC),
  CONSTRAINT `fk_work_employee1`
    FOREIGN KEY (`employee_ID`)
    REFERENCES `mydb`.`employee` (`ID`)
    ON DELETE CASCADE
    ON UPDATE CASCADE,
  CONSTRAINT `fk_work_project1`
    FOREIGN KEY (`project_ID`)
    REFERENCES `mydb`.`project` (`ID`)
    ON DELETE CASCADE
    ON UPDATE CASCADE)
ENGINE = InnoDB;


SET SQL_MODE=@OLD_SQL_MODE;
SET FOREIGN_KEY_CHECKS=@OLD_FOREIGN_KEY_CHECKS;
SET UNIQUE_CHECKS=@OLD_UNIQUE_CHECKS;

-- -----------------------------------------------------
-- Data for table `mydb`.`department`
-- -----------------------------------------------------
START TRANSACTION;
USE `mydb`;
INSERT INTO `mydb`.`department` (`ID`, `name`, `location`) VALUES (1, 'Accounting', 'Lviv');
INSERT INTO `mydb`.`department` (`ID`, `name`, `location`) VALUES (2, 'IT Support', 'Kharkiv');
INSERT INTO `mydb`.`department` (`ID`, `name`, `location`) VALUES (3, 'Cybersecurity', 'Kyiv');
INSERT INTO `mydb`.`department` (`ID`, `name`, `location`) VALUES (4, 'Budgeting', 'Odessa');
INSERT INTO `mydb`.`department` (`ID`, `name`, `location`) VALUES (5, 'HR', 'Poltava');
INSERT INTO `mydb`.`department` (`ID`, `name`, `location`) VALUES (6, 'Maintenance', 'Dnipro');
INSERT INTO `mydb`.`department` (`ID`, `name`, `location`) VALUES (7, 'Sales', 'Lutsk');

COMMIT;


-- -----------------------------------------------------
-- Data for table `mydb`.`employee`
-- -----------------------------------------------------
START TRANSACTION;
USE `mydb`;
INSERT INTO `mydb`.`employee` (`ID`, `last_name`, `name`, `department_ID`) VALUES (1, 'Bohdanov', 'Ivan', 3);
INSERT INTO `mydb`.`employee` (`ID`, `last_name`, `name`, `department_ID`) VALUES (2, 'Fedorov', 'Andrii', 1);
INSERT INTO `mydb`.`employee` (`ID`, `last_name`, `name`, `department_ID`) VALUES (3, 'Ilkiv', 'Pavlo', 4);
INSERT INTO `mydb`.`employee` (`ID`, `last_name`, `name`, `department_ID`) VALUES (4, 'Pacurkevych', 'Valia', 5);
INSERT INTO `mydb`.`employee` (`ID`, `last_name`, `name`, `department_ID`) VALUES (5, 'Kachmar', 'Serhii', 2);
INSERT INTO `mydb`.`employee` (`ID`, `last_name`, `name`, `department_ID`) VALUES (6, 'Kalyniak', 'Vasyl', 6);
INSERT INTO `mydb`.`employee` (`ID`, `last_name`, `name`, `department_ID`) VALUES (7, 'Petriak', 'Oksana', 7);

COMMIT;


-- -----------------------------------------------------
-- Data for table `mydb`.`project`
-- -----------------------------------------------------
START TRANSACTION;
USE `mydb`;
INSERT INTO `mydb`.`project` (`ID`, `project_name`, `budget`, `employee_ID`) VALUES (1, 'database', '100000', 1);
INSERT INTO `mydb`.`project` (`ID`, `project_name`, `budget`, `employee_ID`) VALUES (2, 'user interface', '155000', 2);
INSERT INTO `mydb`.`project` (`ID`, `project_name`, `budget`, `employee_ID`) VALUES (3, 'basic architecture', '200000', 3);
INSERT INTO `mydb`.`project` (`ID`, `project_name`, `budget`, `employee_ID`) VALUES (4, 'formating', '540000', 1);
INSERT INTO `mydb`.`project` (`ID`, `project_name`, `budget`, `employee_ID`) VALUES (5, 'view', '23000', 6);
INSERT INTO `mydb`.`project` (`ID`, `project_name`, `budget`, `employee_ID`) VALUES (6, 'testing ', '150000', 2);
INSERT INTO `mydb`.`project` (`ID`, `project_name`, `budget`, `employee_ID`) VALUES (7, 'build', '10000', 3);

COMMIT;


-- -----------------------------------------------------
-- Data for table `mydb`.`work`
-- -----------------------------------------------------
START TRANSACTION;
USE `mydb`;
INSERT INTO `mydb`.`work` (`project_ID`, `employee_ID`, `job`, `start_date`, `deadline`) VALUES (1, 1, 'menu', '2019-01-10', '2019-01-11');
INSERT INTO `mydb`.`work` (`project_ID`, `employee_ID`, `job`, `start_date`, `deadline`) VALUES (2, 2, 'top_menu', '2019-01-10', '2019-01-12');
INSERT INTO `mydb`.`work` (`project_ID`, `employee_ID`, `job`, `start_date`, `deadline`) VALUES (3, 4, 'classes', '2019-01-10', '2019-01-11');
INSERT INTO `mydb`.`work` (`project_ID`, `employee_ID`, `job`, `start_date`, `deadline`) VALUES (4, 1, 'user_menu', '2019-01-11', '2019-01-12');
INSERT INTO `mydb`.`work` (`project_ID`, `employee_ID`, `job`, `start_date`, `deadline`) VALUES (5, 6, 'console', '2019-01-10', '2019-01-12');
INSERT INTO `mydb`.`work` (`project_ID`, `employee_ID`, `job`, `start_date`, `deadline`) VALUES (6, 2, 'perfomance_testing', '2019-01-12', '2019-01-14');
INSERT INTO `mydb`.`work` (`project_ID`, `employee_ID`, `job`, `start_date`, `deadline`) VALUES (7, 3, 'first_realise', '2019-01-13', '2019-01-14');

COMMIT;

